Fecha,Categoria,Producto,Region,Ventas,Beneficio
2023-04-13,Tecnología,Tablet,Este,1669.54,350.08
2023-05-02,Oficina,Carpetas,Este,164.81,60.44
2023-12-26,Oficina,Bolígrafos,Norte,292.48,136.44
2023-10-21,Muebles,Sofá,Oeste,438.43,107.69
2023-01-22,Tecnología,Monitor,Norte,936.84,197.85
2023-06-19,Oficina,Bolígrafos,Sur,246.29,83.72
2023-02-24,Tecnología,Tablet,Norte,1411.32,235.76
2023-06-16,Muebles,Sofá,Norte,1455.32,467.54
2023-09-22,Muebles,Silla,Sur,1089.5,289.83
2023-09-21,Oficina,Carpetas,Sur,147.77,49.72
2023-01-02,Muebles,Escritorio,Sur,910.72,207.4
2023-07-10,Muebles,Escritorio,Oeste,1421.35,475.05
2023-09-27,Oficina,Engrapadora,Este,72.12,24.46
2023-07-09,Tecnología,Monitor,Norte,907.02,211.22
2023-08-05,Tecnología,Laptop,Norte,1703.3,268.19
2023-11-23,Tecnología,Monitor,Norte,798.07,120.15
2023-05-19,Oficina,Papel,Oeste,232.25,105.5
2023-09-18,Muebles,Estantería,Sur,350.63,115.52
2023-11-24,Muebles,Silla,Oeste,682.06,204.84
2023-10-20,Oficina,Engrapadora,Oeste,118.68,48.93
2023-08-15,Tecnología,Tablet,Sur,1773.37,394.0
2023-09-12,Muebles,Estantería,Este,879.55,232.32
2023-02-11,Tecnología,Tablet,Este,1843.65,364.19
2023-04-06,Muebles,Silla,Este,985.74,276.97
2023-01-29,Tecnología,Monitor,Este,934.63,155.26
2023-03-07,Muebles,Silla,Sur,1023.42,338.47
2023-01-28,Muebles,Escritorio,Este,621.65,135.71
2023-08-19,Muebles,Silla,Norte,496.32,131.06
2023-04-26,Tecnología,Laptop,Este,510.43,102.63
2023-05-17,Muebles,Silla,Norte,355.82,89.18
2023-11-11,Muebles,Sofá,Oeste,925.53,241.17
2023-11-14,Tecnología,Teléfono,Oeste,870.31,191.15
2023-04-23,Tecnología,Laptop,Oeste,555.33,117.15
2023-05-10,Muebles,Estantería,Norte,648.59,191.43
2023-05-06,Muebles,Silla,Oeste,782.12,221.29
2023-09-04,Oficina,Carpetas,Oeste,109.41,48.76
2023-10-07,Tecnología,Monitor,Sur,1450.29,295.25
2023-08-28,Tecnología,Laptop,Oeste,1262.3,277.18
2023-09-16,Oficina,Engrapadora,Este,227.79,105.22
2023-05-28,Oficina,Engrapadora,Norte,222.73,84.05
2023-12-04,Tecnología,Tablet,Oeste,1602.82,273.93
2023-10-25,Oficina,Carpetas,Oeste,93.74,46.54
2023-03-01,Tecnología,Teléfono,Norte,639.65,153.34
2023-02-06,Oficina,Carpetas,Norte,119.72,52.68
2023-07-27,Oficina,Engrapadora,Oeste,151.13,72.17
2023-04-26,Oficina,Papel,Oeste,246.34,106.86
2023-09-11,Oficina,Engrapadora,Sur,285.03,141.02
2023-12-04,Muebles,Escritorio,Este,1047.55,244.75
2023-06-10,Tecnología,Teléfono,Norte,768.23,143.39
2023-05-15,Oficina,Papel,Oeste,192.08,61.22
2023-01-22,Muebles,Escritorio,Sur,1472.56,402.03
2023-09-21,Oficina,Carpetas,Sur,137.52,59.0
2023-11-13,Oficina,Engrapadora,Este,242.14,74.75
2023-06-21,Muebles,Silla,Sur,1389.32,355.01
2023-08-21,Tecnología,Monitor,Norte,1142.28,281.76
2023-04-09,Tecnología,Monitor,Este,958.55,162.08
2023-06-10,Oficina,Engrapadora,Sur,189.2,92.18
2023-02-27,Oficina,Engrapadora,Sur,74.29,31.43
2023-12-08,Oficina,Bolígrafos,Este,179.58,85.39
2023-09-30,Tecnología,Laptop,Este,1563.37,320.93
2023-06-19,Oficina,Bolígrafos,Este,114.05,48.16
2023-11-12,Muebles,Estantería,Norte,1016.26,232.87
2023-09-21,Muebles,Sofá,Sur,1357.01,340.2
2023-04-02,Muebles,Escritorio,Oeste,951.76,195.48
2023-06-02,Muebles,Estantería,Sur,572.5,165.24
2023-12-08,Tecnología,Monitor,Sur,1733.9,322.54
2023-04-11,Tecnología,Monitor,Norte,907.31,223.68
2023-04-13,Muebles,Silla,Oeste,890.76,250.39
2023-11-07,Tecnología,Teléfono,Oeste,1571.89,242.24
2023-04-30,Oficina,Carpetas,Oeste,236.01,82.64
2023-04-27,Muebles,Estantería,Este,1104.77,288.72
2023-02-27,Muebles,Silla,Este,525.32,148.34
2023-02-17,Tecnología,Monitor,Norte,919.9,225.82
2023-07-11,Oficina,Papel,Sur,232.51,71.97
2023-06-03,Oficina,Papel,Sur,53.6,17.32
2023-03-10,Oficina,Papel,Sur,263.87,116.29
2023-07-23,Muebles,Escritorio,Oeste,1248.99,314.68
2023-09-11,Muebles,Silla,Este,262.48,89.86
2023-04-10,Muebles,Sofá,Este,219.9,74.77
2023-04-06,Tecnología,Monitor,Norte,1525.95,322.87
2023-12-02,Oficina,Bolígrafos,Norte,266.8,114.0
2023-12-06,Muebles,Estantería,Oeste,367.05,118.07
2023-04-11,Oficina,Papel,Norte,212.87,72.66
2023-10-12,Tecnología,Monitor,Este,1065.89,164.04
2023-08-30,Oficina,Carpetas,Norte,213.93,80.67
2023-03-31,Muebles,Escritorio,Este,566.41,123.32
2023-04-24,Tecnología,Tablet,Norte,558.78,107.17
2023-09-06,Muebles,Silla,Norte,939.08,268.94
2023-04-09,Muebles,Silla,Este,954.71,315.12
2023-08-12,Tecnología,Monitor,Norte,1519.77,340.41
2023-12-21,Tecnología,Teléfono,Norte,1301.49,259.85
2023-08-05,Muebles,Silla,Este,329.98,68.64
2023-08-21,Oficina,Engrapadora,Norte,129.83,63.62
2023-02-21,Oficina,Bolígrafos,Este,70.82,22.55
2023-01-25,Oficina,Papel,Oeste,286.55,130.74
2023-02-08,Tecnología,Laptop,Sur,1961.37,489.55
2023-05-02,Tecnología,Tablet,Este,1318.87,290.92
2023-08-27,Tecnología,Teléfono,Sur,1427.33,228.53
2023-01-07,Muebles,Silla,Oeste,294.59,95.24
2023-05-02,Muebles,Silla,Norte,310.29,107.98
2023-12-31,Tecnología,Teléfono,Oeste,855.03,205.86
2023-10-28,Muebles,Sofá,Este,826.17,212.08
2023-06-16,Oficina,Bolígrafos,Sur,132.56,51.29
2023-06-22,Tecnología,Teléfono,Oeste,1357.21,304.15
2023-11-13,Oficina,Papel,Este,236.51,98.55
2023-07-09,Tecnología,Tablet,Oeste,928.57,219.94
2023-04-27,Muebles,Escritorio,Oeste,1471.27,416.96
2023-10-30,Tecnología,Monitor,Sur,1886.96,456.48
2023-06-13,Oficina,Carpetas,Oeste,68.86,22.95
2023-11-01,Muebles,Estantería,Este,1494.58,455.16
2023-09-16,Oficina,Papel,Este,120.24,58.93
2023-12-24,Tecnología,Monitor,Sur,782.18,153.6
2023-07-05,Muebles,Sofá,Oeste,668.45,159.75
2023-05-25,Tecnología,Laptop,Norte,1720.69,375.93
2023-02-15,Oficina,Papel,Sur,287.45,127.96
2023-10-30,Tecnología,Teléfono,Sur,1899.09,449.34
2023-12-31,Tecnología,Tablet,Oeste,1064.7,246.0
2023-08-12,Oficina,Papel,Este,198.53,74.68
2023-12-08,Oficina,Carpetas,Norte,259.58,102.21
2023-04-09,Oficina,Papel,Norte,64.09,30.31
2023-07-16,Oficina,Papel,Sur,278.29,116.06
2023-02-22,Tecnología,Teléfono,Sur,1066.78,185.73
2023-01-01,Oficina,Papel,Norte,101.81,48.42
2023-10-15,Muebles,Sofá,Este,347.62,104.54
2023-06-11,Muebles,Escritorio,Este,876.21,287.25
2023-02-23,Tecnología,Teléfono,Sur,1687.73,352.73
2023-09-12,Oficina,Carpetas,Este,246.17,105.33
2023-03-16,Oficina,Carpetas,Sur,204.32,101.36
2023-11-02,Muebles,Escritorio,Sur,921.26,196.83
2023-11-04,Tecnología,Teléfono,Norte,1675.48,317.76
2023-09-04,Muebles,Estantería,Norte,1434.38,318.52
2023-07-03,Tecnología,Teléfono,Norte,887.37,173.85
2023-02-03,Muebles,Silla,Sur,627.38,185.08
2023-08-28,Oficina,Carpetas,Este,82.22,26.77
2023-04-05,Oficina,Bolígrafos,Oeste,210.22,70.71
2023-07-03,Tecnología,Tablet,Oeste,1210.94,262.48
2023-03-02,Muebles,Estantería,Este,1268.33,319.32
2023-06-19,Tecnología,Teléfono,Norte,1323.07,269.17
2023-01-12,Muebles,Escritorio,Sur,367.37,91.67
2023-03-14,Muebles,Silla,Este,1016.27,215.72
2023-12-16,Oficina,Carpetas,Oeste,65.27,23.2
2023-09-14,Tecnología,Tablet,Norte,1979.39,403.12
2023-02-25,Muebles,Escritorio,Sur,1187.94,332.26
2023-12-31,Muebles,Escritorio,Este,528.17,162.15
2023-04-21,Oficina,Bolígrafos,Este,183.03,58.83
2023-10-21,Oficina,Carpetas,Este,76.22,34.11
2023-01-28,Muebles,Estantería,Norte,1292.92,275.88
2023-05-06,Tecnología,Laptop,Norte,1390.39,302.98
2023-03-08,Tecnología,Laptop,Sur,630.38,128.42
2023-02-03,Oficina,Engrapadora,Oeste,157.91,51.4
2023-04-11,Muebles,Sofá,Sur,989.82,234.24
2023-11-11,Tecnología,Teléfono,Norte,1900.54,286.51
2023-10-04,Muebles,Escritorio,Este,834.15,273.29
2023-11-14,Muebles,Estantería,Oeste,1365.8,289.6
2023-08-31,Oficina,Engrapadora,Norte,295.59,95.3
2023-11-18,Oficina,Engrapadora,Este,254.27,89.4
2023-03-03,Tecnología,Teléfono,Este,1302.56,257.47
2023-06-22,Tecnología,Teléfono,Sur,985.52,189.76
2023-08-13,Tecnología,Monitor,Este,1560.85,353.97
2023-02-07,Tecnología,Teléfono,Este,1898.02,345.56
2023-09-16,Tecnología,Teléfono,Sur,1181.4,242.02
2023-05-18,Muebles,Silla,Oeste,1252.84,298.42
2023-04-11,Tecnología,Laptop,Norte,1393.46,274.73
2023-04-04,Oficina,Papel,Norte,257.65,127.03
2023-11-30,Tecnología,Monitor,Este,1907.51,320.7
2023-02-04,Tecnología,Monitor,Oeste,1361.71,318.89
2023-11-24,Oficina,Papel,Norte,100.41,33.41
2023-08-01,Tecnología,Laptop,Este,1497.8,303.01
2023-05-12,Tecnología,Laptop,Sur,1088.67,252.2
2023-10-22,Muebles,Sofá,Este,1011.33,284.15
2023-03-04,Oficina,Papel,Norte,138.84,52.52
2023-11-05,Oficina,Carpetas,Este,157.88,57.87
2023-06-28,Muebles,Sofá,Oeste,1232.23,361.06
2023-08-19,Oficina,Engrapadora,Norte,87.92,31.86
2023-10-16,Muebles,Sofá,Sur,1128.28,309.26
2023-11-26,Tecnología,Teléfono,Sur,1304.72,245.13
2023-12-31,Oficina,Papel,Oeste,87.48,30.25
2023-11-28,Tecnología,Teléfono,Este,1461.72,320.69
2023-10-19,Muebles,Estantería,Este,649.4,147.57
2023-11-26,Muebles,Escritorio,Oeste,750.68,182.56
2023-12-29,Muebles,Silla,Oeste,857.66,250.19
2023-04-21,Oficina,Engrapadora,Oeste,191.28,84.04
2023-10-20,Oficina,Bolígrafos,Norte,194.07,81.77
2023-02-20,Tecnología,Teléfono,Oeste,1760.66,424.44
2023-09-14,Muebles,Silla,Norte,415.18,94.64
2023-11-09,Tecnología,Tablet,Sur,1278.26,267.32
2023-05-29,Oficina,Papel,Norte,133.8,61.62
2023-04-27,Muebles,Silla,Este,717.62,201.37
2023-03-16,Muebles,Escritorio,Este,651.04,202.23
2023-01-17,Oficina,Carpetas,Oeste,278.19,97.27
2023-01-25,Oficina,Engrapadora,Sur,58.47,21.18
2023-10-12,Oficina,Carpetas,Sur,105.02,35.97
2023-02-18,Oficina,Papel,Oeste,164.75,67.79
2023-12-08,Oficina,Papel,Oeste,175.55,73.57
2023-05-21,Muebles,Estantería,Este,472.88,158.28
2023-02-01,Muebles,Silla,Norte,247.51,67.03
2023-01-19,Muebles,Silla,Sur,1128.28,314.96
2023-04-23,Muebles,Escritorio,Sur,1194.96,257.45
2023-09-21,Tecnología,Tablet,Este,1629.87,288.86
2023-06-11,Tecnología,Tablet,Este,734.23,162.7
2023-12-15,Tecnología,Laptop,Este,880.83,149.4
2023-09-12,Tecnología,Monitor,Sur,1008.91,208.79
2023-02-20,Tecnología,Monitor,Este,1581.22,364.52
2023-03-29,Muebles,Sofá,Oeste,1248.91,430.12
2023-06-14,Muebles,Silla,Sur,581.09,194.35
2023-01-07,Muebles,Estantería,Norte,470.25,95.92
2023-02-05,Tecnología,Monitor,Sur,1839.01,426.18
2023-01-11,Muebles,Estantería,Sur,671.98,137.85
2023-01-20,Tecnología,Laptop,Sur,1660.75,309.36
2023-02-22,Oficina,Engrapadora,Sur,240.9,79.02
2023-07-21,Muebles,Sofá,Este,1362.92,436.1
2023-07-28,Muebles,Estantería,Norte,549.28,154.48
2023-08-25,Tecnología,Tablet,Norte,709.03,165.55
2023-01-04,Muebles,Escritorio,Norte,423.18,101.92
2023-03-16,Muebles,Escritorio,Oeste,353.08,101.15
2023-02-03,Tecnología,Laptop,Norte,1246.2,276.68
2023-04-27,Muebles,Escritorio,Norte,542.79,130.26
2023-08-07,Muebles,Sofá,Norte,1064.55,240.91
2023-06-22,Tecnología,Teléfono,Norte,1074.71,216.97
2023-03-05,Muebles,Sofá,Sur,1159.44,246.29
2023-10-19,Oficina,Bolígrafos,Norte,147.32,52.7
2023-06-13,Tecnología,Tablet,Este,1415.61,346.73
2023-02-24,Oficina,Engrapadora,Sur,83.75,33.23
2023-09-07,Oficina,Engrapadora,Este,198.77,61.68
2023-12-31,Oficina,Bolígrafos,Norte,242.73,77.99
2023-07-20,Tecnología,Laptop,Norte,1557.39,326.78
2023-01-25,Oficina,Carpetas,Este,69.44,20.86
2023-04-12,Muebles,Sofá,Este,608.98,195.55
2023-11-01,Tecnología,Laptop,Sur,1535.84,310.44
2023-01-12,Muebles,Sofá,Oeste,1185.91,350.84
2023-03-22,Oficina,Papel,Sur,209.31,103.84
2023-03-30,Oficina,Carpetas,Sur,62.9,27.3
2023-10-15,Muebles,Sofá,Este,1499.16,424.82
2023-03-27,Muebles,Estantería,Sur,356.68,110.45
2023-06-25,Muebles,Estantería,Este,1233.94,384.69
2023-04-13,Tecnología,Teléfono,Este,1047.05,215.76
2023-10-28,Muebles,Estantería,Norte,889.34,236.7
2023-12-30,Oficina,Carpetas,Oeste,184.87,84.7
2023-07-29,Tecnología,Monitor,Norte,1423.79,246.74
2023-11-07,Oficina,Bolígrafos,Sur,55.32,26.27
2023-05-21,Muebles,Sofá,Oeste,1238.42,433.06
2023-01-29,Muebles,Silla,Norte,248.88,67.69
2023-09-29,Oficina,Papel,Sur,72.92,26.78
2023-12-06,Tecnología,Laptop,Sur,505.02,99.35
2023-06-07,Muebles,Sofá,Sur,503.69,103.92
2023-07-12,Tecnología,Teléfono,Este,1141.66,215.13
2023-12-10,Oficina,Bolígrafos,Norte,246.59,78.39
2023-07-17,Oficina,Engrapadora,Este,286.18,112.61
2023-11-29,Muebles,Silla,Este,1488.52,349.43
2023-05-28,Tecnología,Tablet,Sur,1411.61,284.11
2023-11-26,Oficina,Bolígrafos,Norte,105.12,35.46
2023-09-16,Muebles,Silla,Norte,1018.71,236.8
2023-01-09,Oficina,Engrapadora,Sur,181.26,63.81
2023-06-27,Muebles,Escritorio,Norte,400.06,128.97
2023-09-26,Tecnología,Tablet,Norte,1389.41,289.01
2023-04-08,Oficina,Papel,Oeste,116.4,37.94
2023-05-17,Oficina,Papel,Sur,265.53,122.65
2023-02-09,Tecnología,Laptop,Este,630.48,120.32
2023-02-07,Oficina,Papel,Oeste,173.97,55.01
2023-11-12,Tecnología,Monitor,Norte,1987.21,310.31
2023-10-28,Muebles,Silla,Este,1272.09,320.78
2023-12-20,Oficina,Papel,Norte,233.48,94.38
2023-12-02,Tecnología,Tablet,Este,740.6,135.83
2023-02-14,Tecnología,Laptop,Sur,658.75,144.86
2023-07-07,Oficina,Papel,Este,290.33,114.13
2023-01-31,Oficina,Bolígrafos,Sur,254.99,88.16
2023-02-08,Oficina,Bolígrafos,Oeste,189.05,85.32
2023-01-12,Oficina,Bolígrafos,Oeste,71.02,25.94
2023-08-21,Tecnología,Monitor,Este,1065.04,160.72
2023-12-31,Oficina,Engrapadora,Sur,120.84,36.7
2023-08-21,Muebles,Estantería,Oeste,1022.41,347.42
2023-10-05,Muebles,Sofá,Este,416.29,131.4
2023-07-12,Muebles,Escritorio,Oeste,259.46,85.81
2023-07-11,Oficina,Papel,Oeste,237.41,77.4
2023-01-07,Tecnología,Tablet,Norte,985.42,195.96
2023-02-27,Oficina,Bolígrafos,Sur,118.41,59.14
2023-04-09,Tecnología,Laptop,Este,1290.54,300.17
2023-03-16,Muebles,Estantería,Sur,499.07,109.65
2023-07-14,Tecnología,Teléfono,Oeste,546.95,122.04
2023-10-30,Tecnología,Tablet,Oeste,1096.39,194.52
2023-09-14,Muebles,Sofá,Sur,498.94,115.74
2023-11-16,Tecnología,Laptop,Oeste,1052.79,248.92
2023-07-27,Oficina,Engrapadora,Oeste,96.38,45.66
2023-11-05,Oficina,Carpetas,Sur,182.59,55.43
2023-12-15,Tecnología,Monitor,Oeste,1951.27,328.88
2023-01-15,Tecnología,Teléfono,Sur,1397.49,294.49
2023-12-06,Tecnología,Teléfono,Oeste,1237.39,193.55
2023-04-27,Muebles,Sofá,Oeste,603.47,161.9
2023-03-13,Tecnología,Teléfono,Sur,1088.74,215.56
2023-04-05,Muebles,Sofá,Este,1103.48,363.06
2023-04-12,Tecnología,Monitor,Este,1220.76,195.92
2023-03-17,Tecnología,Teléfono,Oeste,527.55,104.58
2023-04-02,Tecnología,Teléfono,Oeste,514.66,94.0
2023-01-02,Tecnología,Laptop,Norte,1025.94,157.3
2023-04-26,Muebles,Escritorio,Este,372.53,106.22
2023-06-23,Muebles,Escritorio,Este,460.2,103.6
2023-11-01,Oficina,Papel,Este,274.06,114.82
2023-03-14,Oficina,Carpetas,Oeste,124.71,60.74
2023-11-24,Muebles,Sofá,Sur,1218.45,355.59
2023-01-07,Oficina,Engrapadora,Oeste,186.9,86.62
2023-01-03,Oficina,Papel,Oeste,232.9,73.67
2023-01-12,Oficina,Engrapadora,Norte,169.82,71.86
2023-05-27,Oficina,Bolígrafos,Oeste,236.07,111.98
2023-11-05,Oficina,Engrapadora,Este,90.42,27.5
2023-07-30,Muebles,Silla,Oeste,905.22,248.02
2023-07-21,Oficina,Carpetas,Norte,68.05,20.83
2023-12-19,Oficina,Engrapadora,Norte,267.07,118.96
2023-01-24,Tecnología,Monitor,Oeste,1056.56,262.83
2023-06-01,Muebles,Silla,Este,952.28,253.11
2023-04-27,Muebles,Sofá,Oeste,1335.45,447.52
2023-09-19,Oficina,Bolígrafos,Este,198.09,95.57
2023-09-25,Oficina,Papel,Sur,207.89,92.85
2023-12-21,Muebles,Sofá,Oeste,1381.74,313.59
2023-01-14,Muebles,Escritorio,Este,736.94,155.03
2023-02-10,Muebles,Escritorio,Oeste,726.53,209.92
2023-08-19,Tecnología,Monitor,Sur,642.89,138.36
2023-12-11,Tecnología,Monitor,Sur,1786.98,269.66
2023-06-13,Tecnología,Tablet,Este,852.01,203.09
2023-04-28,Muebles,Sofá,Sur,783.41,235.34
2023-12-27,Tecnología,Laptop,Oeste,1381.83,338.35
2023-11-09,Muebles,Sofá,Oeste,247.67,76.89
2023-07-23,Tecnología,Laptop,Norte,1558.08,303.26
2023-07-26,Muebles,Sofá,Este,345.5,83.08
2023-05-10,Tecnología,Tablet,Norte,1904.91,293.23
2023-04-29,Oficina,Bolígrafos,Norte,283.47,102.96
2023-06-28,Muebles,Sofá,Sur,716.59,194.9
2023-09-08,Oficina,Bolígrafos,Sur,130.78,64.69
2023-02-08,Oficina,Engrapadora,Este,180.43,66.49
2023-10-21,Oficina,Engrapadora,Sur,126.98,55.99
2023-08-22,Oficina,Engrapadora,Sur,97.09,43.32
2023-06-06,Muebles,Silla,Este,430.29,130.76
2023-11-07,Oficina,Bolígrafos,Este,220.81,88.2
2023-05-25,Muebles,Sofá,Este,941.79,192.65
2023-11-24,Tecnología,Teléfono,Oeste,1514.77,259.89
2023-05-22,Tecnología,Monitor,Norte,1365.78,252.47
2023-07-11,Muebles,Estantería,Norte,1326.37,462.9
2023-09-26,Tecnología,Laptop,Norte,933.03,150.13
2023-04-08,Tecnología,Teléfono,Sur,1888.51,366.03
2023-03-23,Tecnología,Laptop,Este,1153.37,267.33
2023-12-10,Muebles,Escritorio,Este,207.49,51.6
2023-03-17,Muebles,Estantería,Este,1104.11,285.17
2023-11-01,Tecnología,Tablet,Oeste,522.0,108.94
2023-04-20,Muebles,Escritorio,Sur,802.54,206.23
2023-10-09,Muebles,Escritorio,Oeste,233.33,58.61
2023-01-12,Tecnología,Teléfono,Oeste,1370.26,278.66
2023-09-28,Oficina,Engrapadora,Este,253.25,112.35
2023-01-21,Oficina,Carpetas,Este,274.18,86.16
2023-10-08,Oficina,Carpetas,Este,99.29,39.3
2023-10-02,Muebles,Escritorio,Norte,1002.56,279.17
2023-01-27,Tecnología,Tablet,Oeste,1308.74,237.05
2023-06-07,Muebles,Escritorio,Norte,1469.74,475.43
2023-12-16,Oficina,Carpetas,Este,264.85,121.82
2023-06-08,Oficina,Carpetas,Oeste,248.35,83.71
2023-02-05,Muebles,Estantería,Sur,915.29,189.02
2023-12-28,Oficina,Carpetas,Norte,200.4,92.95
2023-08-02,Tecnología,Teléfono,Norte,1469.91,246.18
2023-05-01,Tecnología,Teléfono,Oeste,1654.92,340.36
2023-12-13,Tecnología,Monitor,Sur,1597.94,375.7
2023-06-16,Muebles,Silla,Sur,1196.65,266.2
2023-08-30,Tecnología,Tablet,Norte,1605.31,379.3
2023-04-29,Tecnología,Laptop,Sur,535.46,114.69
2023-06-09,Oficina,Bolígrafos,Norte,147.73,61.88
2023-09-11,Tecnología,Teléfono,Oeste,704.66,154.68
2023-11-19,Muebles,Escritorio,Norte,1132.88,344.24
2023-10-07,Muebles,Estantería,Oeste,1141.64,327.37
2023-06-16,Tecnología,Teléfono,Oeste,628.49,150.47
2023-03-14,Tecnología,Tablet,Sur,1032.49,162.04
2023-02-18,Muebles,Sofá,Norte,290.91,86.12
2023-09-21,Muebles,Sofá,Sur,1084.17,254.37
2023-02-27,Oficina,Bolígrafos,Sur,63.08,23.7
2023-04-12,Tecnología,Tablet,Sur,1169.53,214.44
2023-05-30,Muebles,Sofá,Norte,427.89,129.87
2023-11-07,Muebles,Escritorio,Sur,785.48,246.19
2023-05-25,Oficina,Engrapadora,Sur,108.66,41.28
2023-04-14,Muebles,Silla,Oeste,1405.1,394.82
2023-05-01,Muebles,Silla,Oeste,1010.66,215.64
2023-08-19,Tecnología,Laptop,Oeste,1260.26,209.12
2023-05-22,Tecnología,Tablet,Sur,1012.51,190.44
2023-09-15,Oficina,Papel,Norte,177.43,82.52
2023-07-09,Oficina,Bolígrafos,Oeste,268.33,89.18
2023-05-23,Muebles,Sofá,Norte,708.36,194.92
2023-02-18,Muebles,Escritorio,Sur,1016.34,306.06
2023-06-07,Muebles,Escritorio,Este,1227.04,301.49
2023-03-14,Oficina,Papel,Este,93.38,40.99
2023-07-25,Muebles,Sofá,Sur,1269.22,279.08
2023-11-06,Tecnología,Monitor,Este,1230.59,259.19
2023-11-06,Muebles,Silla,Oeste,853.34,221.7
2023-01-25,Tecnología,Laptop,Sur,602.26,91.89
2023-01-25,Oficina,Engrapadora,Norte,187.38,92.41
2023-04-06,Tecnología,Tablet,Sur,1814.16,322.51
2023-06-09,Tecnología,Tablet,Sur,1403.83,261.79
2023-10-14,Oficina,Papel,Este,97.95,33.53
2023-09-24,Muebles,Silla,Este,1103.55,383.54
2023-03-24,Tecnología,Tablet,Norte,682.08,123.0
2023-09-20,Tecnología,Monitor,Oeste,1995.05,461.65
2023-12-25,Tecnología,Monitor,Oeste,1290.56,248.57
2023-03-04,Tecnología,Monitor,Este,1174.68,199.06
2023-01-07,Oficina,Engrapadora,Sur,256.88,114.76
2023-03-27,Tecnología,Teléfono,Este,1124.23,222.75
2023-09-03,Muebles,Estantería,Norte,1188.38,262.12
2023-03-06,Tecnología,Laptop,Sur,861.8,213.37
2023-12-04,Tecnología,Laptop,Oeste,1231.78,198.28
2023-07-07,Oficina,Carpetas,Norte,261.09,83.45
2023-10-09,Muebles,Sofá,Sur,622.08,193.22
2023-08-20,Oficina,Papel,Norte,148.62,58.24
2023-01-21,Muebles,Silla,Norte,1441.94,458.59
2023-05-09,Muebles,Sofá,Oeste,531.07,173.2
2023-11-10,Tecnología,Monitor,Este,1243.18,234.51
2023-08-02,Tecnología,Tablet,Norte,599.98,121.1
2023-03-10,Tecnología,Tablet,Norte,571.75,87.94
2023-03-28,Oficina,Papel,Norte,250.53,80.44
2023-01-17,Tecnología,Monitor,Norte,1081.39,212.16
2023-08-16,Oficina,Engrapadora,Este,285.58,130.44
2023-02-20,Oficina,Bolígrafos,Norte,187.4,87.35
2023-01-08,Muebles,Escritorio,Este,306.82,105.91
2023-08-11,Tecnología,Laptop,Sur,1501.03,226.72
2023-10-19,Muebles,Sofá,Sur,290.03,99.76
2023-04-29,Muebles,Estantería,Sur,618.88,135.4
2023-12-13,Muebles,Escritorio,Norte,957.15,298.83
2023-10-15,Muebles,Estantería,Sur,639.75,217.01
2023-07-02,Tecnología,Laptop,Oeste,1148.12,222.67
2023-04-24,Muebles,Sofá,Sur,1406.81,424.01
2023-06-23,Tecnología,Monitor,Norte,928.86,215.12
2023-04-29,Oficina,Papel,Oeste,279.73,98.03
2023-05-29,Muebles,Sofá,Sur,1147.04,363.0
2023-08-24,Oficina,Engrapadora,Sur,238.3,84.33
2023-12-14,Tecnología,Laptop,Sur,661.92,144.65
2023-10-10,Muebles,Estantería,Este,857.61,279.67
2023-10-05,Oficina,Papel,Norte,235.86,99.62
2023-04-28,Oficina,Carpetas,Norte,73.44,30.51
2023-10-08,Tecnología,Tablet,Oeste,1192.34,179.96
2023-05-09,Tecnología,Tablet,Norte,916.85,155.31
2023-11-16,Muebles,Escritorio,Este,604.21,188.12
2023-10-29,Oficina,Carpetas,Este,221.97,83.25
2023-03-27,Muebles,Escritorio,Sur,245.9,76.69
2023-01-14,Tecnología,Teléfono,Norte,1051.91,192.18
2023-08-31,Oficina,Carpetas,Sur,269.16,134.38
2023-05-12,Oficina,Papel,Oeste,230.52,110.01
2023-08-15,Muebles,Silla,Sur,736.41,224.12
2023-07-21,Muebles,Escritorio,Oeste,435.72,112.48
2023-09-30,Oficina,Carpetas,Oeste,177.53,78.94
2023-08-17,Muebles,Estantería,Oeste,928.86,269.85
2023-06-11,Muebles,Escritorio,Este,550.77,178.31
2023-11-01,Oficina,Bolígrafos,Este,64.64,23.71
2023-01-30,Muebles,Escritorio,Norte,1225.2,340.1
2023-06-22,Muebles,Estantería,Norte,764.23,163.0
2023-04-26,Tecnología,Tablet,Oeste,1603.49,400.61
2023-04-28,Tecnología,Laptop,Norte,1456.33,290.71
2023-02-16,Oficina,Carpetas,Sur,297.78,133.84
2023-12-25,Tecnología,Teléfono,Oeste,804.4,166.15
2023-05-18,Muebles,Estantería,Norte,1110.33,319.63
2023-04-28,Tecnología,Teléfono,Norte,1894.43,432.42
2023-02-04,Muebles,Escritorio,Este,689.99,185.79
2023-02-18,Tecnología,Teléfono,Oeste,1224.45,200.01
2023-09-17,Muebles,Estantería,Este,845.4,224.48
2023-11-09,Muebles,Silla,Sur,492.79,108.27
2023-02-26,Oficina,Engrapadora,Oeste,168.02,50.85
2023-12-30,Muebles,Escritorio,Sur,540.22,128.06
2023-08-08,Muebles,Sofá,Sur,553.53,173.76
2023-04-16,Tecnología,Laptop,Sur,598.05,118.87
2023-07-03,Oficina,Engrapadora,Sur,276.61,90.69
2023-07-15,Muebles,Silla,Este,651.55,218.25
2023-06-09,Oficina,Engrapadora,Oeste,190.04,92.62
2023-06-03,Muebles,Silla,Norte,1475.69,351.92
2023-05-11,Oficina,Bolígrafos,Norte,191.33,75.15
2023-12-11,Tecnología,Monitor,Oeste,1024.26,165.33
2023-06-27,Tecnología,Monitor,Este,876.45,206.02
2023-10-16,Tecnología,Monitor,Norte,841.11,160.15
2023-02-12,Tecnología,Tablet,Sur,1323.26,279.59
2023-07-17,Muebles,Silla,Sur,415.51,142.04
2023-04-22,Tecnología,Teléfono,Sur,1193.44,228.16
2023-05-05,Oficina,Bolígrafos,Oeste,65.57,26.39
2023-02-28,Muebles,Estantería,Oeste,1232.19,338.34
2023-02-01,Oficina,Papel,Oeste,186.21,84.11
2023-08-02,Oficina,Engrapadora,Oeste,269.46,128.24
2023-04-02,Muebles,Estantería,Norte,786.61,273.54
2023-01-26,Tecnología,Tablet,Sur,597.81,117.41
2023-02-13,Tecnología,Teléfono,Oeste,1697.52,317.76
2023-10-06,Tecnología,Tablet,Sur,640.11,124.25
2023-09-24,Muebles,Sofá,Oeste,663.67,208.14
2023-03-26,Oficina,Papel,Este,98.96,47.44
2023-07-29,Muebles,Sofá,Oeste,925.17,208.07
2023-12-02,Oficina,Papel,Este,274.3,91.55
2023-08-08,Tecnología,Tablet,Oeste,1045.54,233.43
2023-06-25,Oficina,Papel,Oeste,249.65,123.21
2023-10-02,Tecnología,Monitor,Este,1257.81,310.32
2023-03-04,Tecnología,Tablet,Norte,1501.88,320.6
2023-09-17,Muebles,Escritorio,Este,1052.97,231.1
2023-11-21,Tecnología,Tablet,Norte,544.05,126.38
2023-06-03,Muebles,Escritorio,Norte,1465.49,367.14
2023-09-22,Muebles,Escritorio,Sur,1123.32,277.63
2023-12-30,Tecnología,Laptop,Oeste,1241.32,289.01
2023-10-13,Muebles,Sofá,Norte,346.83,73.9
2023-06-12,Muebles,Silla,Este,785.46,245.32
2023-10-06,Muebles,Silla,Norte,1248.05,407.57
2023-12-13,Oficina,Papel,Oeste,234.82,75.44
2023-09-05,Oficina,Carpetas,Sur,263.93,91.17
2023-09-04,Oficina,Engrapadora,Este,135.1,63.94
2023-10-30,Muebles,Estantería,Este,289.06,90.9
2023-10-29,Muebles,Sofá,Oeste,502.59,161.39
2023-09-09,Tecnología,Tablet,Sur,1476.15,350.47
2023-08-07,Oficina,Carpetas,Este,147.44,55.42
2023-05-22,Tecnología,Monitor,Sur,1070.6,265.17
2023-11-30,Oficina,Engrapadora,Norte,60.51,27.11
2023-06-03,Muebles,Estantería,Sur,1315.84,320.85
2023-10-02,Tecnología,Monitor,Oeste,1972.7,418.48
2023-03-14,Oficina,Engrapadora,Este,183.17,78.22
2023-04-30,Muebles,Silla,Norte,288.84,69.18
2023-09-22,Tecnología,Monitor,Oeste,951.9,199.74
2023-08-15,Tecnología,Tablet,Sur,1614.79,249.99
2023-03-09,Muebles,Silla,Norte,971.19,324.23
2023-05-07,Oficina,Carpetas,Oeste,109.88,50.42
2023-06-07,Oficina,Carpetas,Oeste,247.29,102.54
2023-05-29,Tecnología,Monitor,Oeste,830.34,165.1
2023-07-20,Tecnología,Laptop,Oeste,1802.83,282.09
2023-03-06,Tecnología,Tablet,Este,623.31,150.26
2023-06-23,Oficina,Carpetas,Norte,135.2,45.02
2023-08-20,Tecnología,Tablet,Sur,1387.55,305.63
2023-05-12,Oficina,Carpetas,Oeste,76.06,28.67
2023-03-08,Muebles,Sofá,Sur,553.04,149.84
2023-12-27,Tecnología,Monitor,Este,1110.46,265.56
2023-07-29,Tecnología,Laptop,Oeste,1406.11,338.5
2023-12-28,Tecnología,Laptop,Norte,1209.46,256.71
2023-05-22,Oficina,Engrapadora,Norte,168.57,70.49
2023-07-08,Muebles,Silla,Sur,264.35,85.91
2023-12-19,Muebles,Estantería,Norte,770.1,179.26
2023-04-16,Oficina,Bolígrafos,Sur,119.46,55.35
2023-11-01,Tecnología,Laptop,Oeste,1297.4,308.76
2023-07-02,Tecnología,Tablet,Norte,1513.13,233.76
2023-11-29,Oficina,Bolígrafos,Norte,148.64,57.13
2023-11-28,Tecnología,Laptop,Norte,1411.86,255.46
2023-10-28,Muebles,Estantería,Oeste,1267.56,253.81
2023-12-13,Muebles,Estantería,Sur,534.89,111.75
2023-06-24,Muebles,Escritorio,Sur,1064.88,340.82
2023-03-23,Tecnología,Tablet,Este,1128.42,254.03
2023-08-13,Muebles,Estantería,Este,1174.81,307.68
2023-10-12,Tecnología,Teléfono,Sur,1832.06,384.49
2023-07-29,Oficina,Bolígrafos,Norte,203.14,96.44
2023-03-25,Muebles,Estantería,Norte,1373.19,288.32
2023-12-16,Muebles,Silla,Norte,748.64,182.86
2023-11-17,Oficina,Papel,Este,60.93,19.78
2023-02-18,Oficina,Carpetas,Norte,232.29,99.99
2023-10-11,Tecnología,Teléfono,Este,1144.9,248.78
2023-03-14,Tecnología,Teléfono,Sur,1385.43,239.16
2023-10-15,Oficina,Carpetas,Oeste,194.82,88.03
2023-01-23,Oficina,Engrapadora,Oeste,142.79,60.0
2023-04-10,Tecnología,Monitor,Este,1267.52,211.12
2023-01-07,Tecnología,Monitor,Norte,1018.82,168.56
2023-06-06,Muebles,Sofá,Sur,1027.97,258.11
2023-05-06,Oficina,Papel,Norte,219.28,92.35
2023-06-25,Muebles,Silla,Este,1094.76,242.03
2023-11-21,Muebles,Sofá,Oeste,857.09,295.36
2023-09-17,Muebles,Estantería,Sur,240.24,62.03
2023-08-22,Oficina,Bolígrafos,Sur,239.05,93.64
2023-01-30,Muebles,Silla,Sur,350.98,120.52
2023-12-23,Oficina,Carpetas,Sur,200.74,93.41
2023-10-12,Tecnología,Tablet,Este,727.38,111.36
2023-08-12,Muebles,Sofá,Norte,400.39,113.33
2023-06-11,Tecnología,Teléfono,Norte,1750.47,339.67
2023-02-11,Muebles,Sofá,Norte,453.01,94.52
2023-01-21,Oficina,Carpetas,Oeste,136.82,56.93
2023-10-07,Tecnología,Tablet,Norte,1439.35,286.27
2023-09-30,Oficina,Engrapadora,Sur,205.85,85.2
2023-09-07,Oficina,Papel,Este,148.78,45.81
2023-05-25,Tecnología,Monitor,Sur,841.62,207.38
2023-04-27,Muebles,Estantería,Sur,893.4,295.27
2023-05-29,Muebles,Estantería,Este,362.27,115.61
2023-01-20,Tecnología,Teléfono,Sur,1916.06,315.92
2023-05-27,Muebles,Sofá,Oeste,828.43,272.99
2023-07-02,Muebles,Sofá,Sur,879.18,250.04
2023-07-22,Tecnología,Tablet,Sur,1588.57,380.38
2023-08-07,Muebles,Sofá,Este,982.75,283.73
2023-12-31,Oficina,Engrapadora,Este,77.32,36.4
2023-12-03,Tecnología,Laptop,Norte,1839.64,287.44
2023-10-21,Oficina,Carpetas,Norte,177.61,75.54
2023-10-14,Oficina,Engrapadora,Sur,169.21,74.04
2023-06-20,Oficina,Bolígrafos,Sur,83.61,30.09
2023-07-23,Muebles,Silla,Oeste,1152.97,322.01
2023-08-10,Oficina,Carpetas,Este,100.16,49.97
2023-11-23,Muebles,Estantería,Este,1159.23,376.89
2023-01-01,Oficina,Papel,Norte,238.36,108.16
2023-05-08,Tecnología,Tablet,Norte,1768.88,373.87
2023-04-14,Oficina,Papel,Sur,69.41,26.48
2023-12-24,Oficina,Carpetas,Oeste,77.75,35.89
2023-06-22,Muebles,Silla,Norte,331.22,109.42
2023-03-07,Tecnología,Tablet,Sur,1691.77,373.39
2023-07-07,Muebles,Escritorio,Sur,723.74,176.8
2023-10-17,Oficina,Carpetas,Oeste,123.13,40.69
2023-02-24,Oficina,Bolígrafos,Norte,195.81,91.73
2023-08-21,Muebles,Silla,Norte,984.54,249.75
2023-11-09,Tecnología,Teléfono,Este,1832.99,367.16
2023-03-15,Muebles,Sofá,Oeste,921.05,272.23
2023-01-14,Muebles,Sofá,Sur,1269.3,406.93
2023-01-22,Muebles,Estantería,Oeste,385.74,122.01
2023-01-12,Oficina,Carpetas,Sur,270.5,125.72
2023-05-07,Oficina,Papel,Oeste,150.61,48.28
2023-08-29,Muebles,Silla,Sur,1129.55,326.47
2023-07-28,Oficina,Engrapadora,Sur,166.74,61.37
2023-11-16,Tecnología,Monitor,Este,1740.07,283.62
2023-05-17,Oficina,Bolígrafos,Oeste,192.95,92.89
2023-11-03,Tecnología,Tablet,Norte,1065.97,259.7
2023-06-28,Tecnología,Laptop,Sur,563.44,116.33
2023-11-12,Oficina,Papel,Oeste,218.96,71.78
2023-08-01,Tecnología,Tablet,Norte,774.21,137.69
2023-01-11,Tecnología,Monitor,Este,1915.97,338.93
2023-12-06,Oficina,Carpetas,Oeste,299.87,96.25
2023-10-31,Oficina,Engrapadora,Oeste,158.18,61.93
2023-05-26,Muebles,Estantería,Oeste,203.75,67.0
2023-01-13,Muebles,Silla,Norte,740.54,228.05
2023-05-17,Tecnología,Teléfono,Este,1595.74,342.72
2023-04-10,Tecnología,Tablet,Norte,553.91,104.95
2023-09-21,Oficina,Engrapadora,Sur,234.27,115.95
2023-05-29,Muebles,Escritorio,Norte,1357.28,329.97
2023-08-15,Tecnología,Laptop,Norte,667.27,134.51
2023-02-13,Oficina,Papel,Sur,53.67,20.17
2023-10-07,Muebles,Escritorio,Norte,361.68,94.78
2023-04-21,Muebles,Silla,Oeste,973.67,196.18
2023-06-20,Tecnología,Monitor,Sur,1278.55,278.41
2023-12-06,Oficina,Engrapadora,Oeste,243.23,98.33
2023-07-05,Oficina,Bolígrafos,Norte,69.1,26.02
2023-08-21,Muebles,Silla,Sur,766.16,191.4
2023-06-02,Tecnología,Tablet,Sur,834.9,178.82
2023-01-12,Oficina,Papel,Oeste,187.1,89.03
2023-11-03,Tecnología,Monitor,Este,1744.64,367.45
2023-02-14,Muebles,Estantería,Oeste,1369.29,419.72
2023-06-06,Muebles,Escritorio,Oeste,815.42,170.39
2023-08-06,Muebles,Sofá,Norte,510.91,142.85
2023-11-27,Oficina,Engrapadora,Oeste,244.23,83.28
2023-03-31,Oficina,Bolígrafos,Norte,205.6,93.81
2023-10-28,Oficina,Carpetas,Norte,252.78,107.99
2023-12-17,Oficina,Carpetas,Norte,136.3,65.9
2023-08-04,Muebles,Sofá,Norte,1357.18,415.51
2023-08-30,Muebles,Silla,Sur,210.19,61.93
2023-09-05,Muebles,Silla,Sur,592.49,186.14
2023-08-12,Tecnología,Teléfono,Norte,1943.47,412.19
2023-03-03,Muebles,Escritorio,Sur,910.92,206.82
2023-08-11,Muebles,Estantería,Sur,1323.15,360.16
2023-08-23,Tecnología,Laptop,Oeste,1992.47,403.92
2023-12-17,Muebles,Silla,Oeste,1027.5,282.29
2023-07-03,Oficina,Bolígrafos,Sur,192.38,67.7
2023-03-30,Muebles,Estantería,Este,295.01,86.54
2023-06-03,Muebles,Sofá,Oeste,1230.37,413.63
2023-12-20,Tecnología,Tablet,Este,1282.19,317.64
2023-09-04,Tecnología,Teléfono,Oeste,1659.63,300.39
2023-04-04,Tecnología,Tablet,Este,1672.02,411.35
2023-08-30,Muebles,Silla,Sur,983.98,320.1
2023-02-05,Tecnología,Monitor,Oeste,1327.99,306.07
2023-08-04,Muebles,Sofá,Oeste,1302.45,402.89
2023-04-01,Muebles,Silla,Este,237.92,64.75
2023-05-21,Tecnología,Teléfono,Oeste,933.33,177.13
2023-06-04,Muebles,Estantería,Norte,258.38,81.17
2023-08-29,Oficina,Engrapadora,Oeste,238.57,115.39
2023-04-23,Oficina,Carpetas,Sur,139.28,63.72
2023-04-26,Tecnología,Monitor,Norte,1037.87,223.83
2023-04-24,Tecnología,Teléfono,Sur,1877.36,300.72
2023-09-23,Oficina,Carpetas,Norte,59.73,18.35
2023-10-05,Muebles,Sofá,Norte,492.36,130.33
2023-09-13,Oficina,Engrapadora,Este,156.88,57.3
2023-04-19,Oficina,Carpetas,Este,286.61,137.15
2023-05-12,Oficina,Bolígrafos,Oeste,174.38,59.45
2023-08-09,Tecnología,Monitor,Este,1390.7,213.17
2023-11-20,Muebles,Estantería,Este,859.0,224.55
2023-10-07,Oficina,Engrapadora,Este,133.05,58.37
2023-01-24,Muebles,Sofá,Este,870.36,234.56
2023-06-30,Oficina,Papel,Norte,147.96,60.56
2023-06-18,Tecnología,Laptop,Norte,592.0,110.24
2023-11-09,Muebles,Sofá,Este,464.65,93.63
2023-07-31,Oficina,Engrapadora,Este,62.98,21.3
2023-11-28,Muebles,Estantería,Este,1032.83,271.0
2023-12-09,Muebles,Escritorio,Sur,622.88,191.16
2023-07-25,Tecnología,Teléfono,Oeste,1852.91,427.41
2023-02-08,Muebles,Silla,Sur,967.83,289.53
2023-02-28,Oficina,Carpetas,Sur,227.33,75.81
2023-09-12,Muebles,Silla,Norte,1437.89,296.73
2023-09-30,Oficina,Papel,Este,239.75,76.84
2023-11-17,Oficina,Papel,Este,142.32,69.25
2023-03-29,Muebles,Sofá,Este,1128.62,303.89
2023-01-01,Oficina,Carpetas,Sur,232.25,109.7
2023-03-22,Muebles,Estantería,Norte,453.81,114.27
2023-09-19,Tecnología,Tablet,Norte,1551.75,345.58
2023-06-24,Tecnología,Tablet,Oeste,1244.39,234.01
2023-09-28,Muebles,Silla,Este,1216.82,266.07
2023-03-19,Muebles,Silla,Sur,1296.26,278.21
2023-08-04,Oficina,Papel,Este,226.55,92.17
2023-06-17,Oficina,Papel,Norte,127.21,50.43
2023-01-13,Muebles,Estantería,Este,715.52,157.24
2023-03-30,Oficina,Engrapadora,Oeste,122.51,58.11
2023-11-09,Tecnología,Monitor,Este,969.29,236.05
2023-04-24,Oficina,Carpetas,Este,53.04,23.06
2023-05-04,Tecnología,Laptop,Oeste,931.45,168.29
2023-10-10,Tecnología,Teléfono,Norte,1145.81,272.47
2023-03-10,Muebles,Sofá,Este,662.61,140.86
2023-01-19,Muebles,Silla,Este,273.56,70.06
2023-10-16,Tecnología,Monitor,Sur,1600.23,258.63
2023-08-03,Oficina,Engrapadora,Sur,200.28,99.75
2023-10-07,Muebles,Estantería,Sur,1389.15,280.22
2023-03-03,Tecnología,Teléfono,Norte,654.68,134.06
2023-11-14,Tecnología,Laptop,Sur,1556.83,299.34
2023-08-07,Tecnología,Monitor,Este,896.41,152.87
2023-12-11,Oficina,Engrapadora,Sur,121.87,52.57
2023-01-22,Muebles,Estantería,Este,300.07,63.42
2023-08-18,Oficina,Papel,Sur,223.95,87.7
2023-11-18,Muebles,Silla,Sur,1114.93,285.41
2023-10-10,Muebles,Silla,Norte,1073.67,308.72
2023-04-10,Oficina,Engrapadora,Sur,266.52,130.42
2023-06-03,Tecnología,Teléfono,Norte,1917.1,428.77
2023-02-17,Tecnología,Tablet,Oeste,1381.38,304.06
2023-01-25,Tecnología,Monitor,Norte,523.09,108.96
2023-11-01,Tecnología,Monitor,Este,1936.37,367.72
2023-08-25,Muebles,Escritorio,Oeste,1074.2,372.26
2023-05-25,Muebles,Escritorio,Este,763.66,163.34
2023-12-07,Oficina,Papel,Oeste,265.33,122.97
2023-03-14,Oficina,Bolígrafos,Este,197.36,83.42
2023-02-10,Muebles,Escritorio,Oeste,465.23,138.69
2023-09-02,Oficina,Carpetas,Oeste,277.88,85.0
2023-08-13,Tecnología,Teléfono,Norte,615.72,148.46
2023-07-22,Tecnología,Teléfono,Este,823.02,172.59
2023-01-16,Muebles,Escritorio,Oeste,632.95,210.61
2023-05-07,Oficina,Engrapadora,Este,120.83,55.26
2023-12-24,Tecnología,Tablet,Oeste,1981.49,354.98
2023-07-28,Tecnología,Laptop,Sur,1699.58,311.64
2023-10-11,Tecnología,Teléfono,Norte,1499.69,343.04
2023-12-07,Muebles,Silla,Sur,522.9,159.91
2023-06-17,Muebles,Sofá,Este,1417.16,297.04
2023-12-20,Oficina,Bolígrafos,Oeste,160.98,49.0
2023-09-17,Muebles,Sofá,Este,273.03,74.72
2023-11-20,Oficina,Papel,Este,228.24,69.0
2023-05-01,Tecnología,Teléfono,Sur,667.82,134.66
2023-07-21,Tecnología,Teléfono,Este,1580.85,367.78
2023-03-24,Oficina,Engrapadora,Norte,51.99,25.21
2023-10-10,Muebles,Estantería,Norte,663.95,168.03
2023-02-21,Tecnología,Laptop,Este,824.09,190.31
2023-02-05,Muebles,Escritorio,Norte,857.32,292.49
2023-04-07,Tecnología,Laptop,Norte,1089.1,223.63
2023-02-04,Oficina,Bolígrafos,Norte,264.7,115.25
2023-03-17,Oficina,Engrapadora,Este,153.63,46.5
2023-10-12,Oficina,Papel,Este,94.81,41.6
2023-04-22,Oficina,Papel,Norte,235.16,111.13
2023-05-14,Muebles,Escritorio,Sur,903.78,227.56
2023-05-06,Oficina,Engrapadora,Sur,270.42,87.7
2023-04-25,Muebles,Silla,Sur,990.08,234.45
2023-09-04,Oficina,Bolígrafos,Este,108.55,37.33
2023-06-01,Oficina,Papel,Norte,153.94,59.39
2023-01-19,Oficina,Bolígrafos,Oeste,225.54,75.41
2023-12-20,Oficina,Papel,Sur,193.85,59.01
2023-08-27,Tecnología,Monitor,Norte,1243.56,302.57
2023-10-22,Muebles,Silla,Este,348.57,109.7
2023-01-07,Muebles,Silla,Este,745.05,151.04
2023-01-17,Oficina,Papel,Este,168.56,69.47
2023-04-27,Oficina,Engrapadora,Sur,113.32,34.22
2023-06-05,Tecnología,Monitor,Oeste,1754.18,407.21
2023-12-02,Tecnología,Tablet,Oeste,1000.44,229.26
2023-07-25,Tecnología,Tablet,Este,1782.46,424.68
2023-05-19,Tecnología,Teléfono,Sur,1471.66,223.03
2023-02-17,Muebles,Sofá,Oeste,1340.56,346.41
2023-07-04,Oficina,Engrapadora,Oeste,212.08,66.77
2023-11-18,Tecnología,Laptop,Sur,1150.21,287.23
2023-05-03,Muebles,Silla,Este,486.14,122.79
2023-11-16,Oficina,Carpetas,Sur,143.62,53.7
2023-11-27,Muebles,Estantería,Este,1408.07,361.71
2023-03-03,Tecnología,Laptop,Oeste,1447.98,231.01
2023-07-26,Tecnología,Monitor,Oeste,1139.11,233.29
2023-11-14,Oficina,Engrapadora,Sur,239.63,72.59
2023-07-30,Tecnología,Tablet,Este,1493.73,275.89
2023-08-03,Oficina,Carpetas,Norte,213.53,102.03
2023-09-02,Muebles,Escritorio,Sur,598.98,157.08
2023-09-24,Muebles,Sofá,Oeste,965.06,219.85
2023-08-25,Oficina,Bolígrafos,Sur,267.16,118.85
2023-07-26,Tecnología,Teléfono,Sur,700.48,136.16
2023-10-06,Muebles,Escritorio,Oeste,760.41,214.74
2023-08-27,Oficina,Bolígrafos,Este,209.09,76.3
2023-06-22,Tecnología,Teléfono,Sur,828.07,173.51
2023-10-05,Muebles,Estantería,Norte,1259.42,398.86
2023-10-06,Oficina,Bolígrafos,Oeste,72.1,31.71
2023-07-23,Tecnología,Monitor,Oeste,546.72,96.2
2023-03-11,Tecnología,Laptop,Oeste,865.1,177.98
2023-04-30,Muebles,Escritorio,Oeste,619.94,207.48
2023-07-06,Oficina,Papel,Este,299.04,139.08
2023-09-15,Oficina,Papel,Sur,226.71,111.87
2023-01-27,Oficina,Papel,Este,250.34,108.86
2023-12-31,Oficina,Carpetas,Este,60.09,22.97
2023-10-18,Oficina,Carpetas,Norte,245.93,101.63
2023-10-31,Tecnología,Tablet,Sur,521.57,118.1
2023-04-24,Tecnología,Monitor,Oeste,558.41,130.51
2023-08-23,Muebles,Estantería,Este,1012.0,333.62
2023-05-18,Oficina,Papel,Oeste,297.67,134.35
2023-06-20,Muebles,Escritorio,Norte,706.0,165.44
2023-07-30,Oficina,Engrapadora,Este,282.28,103.99
2023-07-16,Oficina,Carpetas,Norte,298.91,148.33
2023-09-03,Tecnología,Teléfono,Oeste,1909.9,382.74
2023-10-15,Oficina,Papel,Sur,140.61,66.47
2023-03-16,Tecnología,Monitor,Norte,581.59,124.71
2023-12-11,Tecnología,Teléfono,Sur,1332.03,299.41
2023-11-23,Tecnología,Tablet,Oeste,1557.71,304.56
2023-07-28,Tecnología,Teléfono,Sur,590.91,129.14
2023-02-28,Oficina,Carpetas,Oeste,163.72,71.57
2023-06-15,Oficina,Engrapadora,Oeste,288.38,137.36
2023-11-18,Tecnología,Laptop,Sur,1463.87,231.08
2023-03-16,Oficina,Bolígrafos,Oeste,57.94,22.29
2023-07-28,Oficina,Engrapadora,Sur,214.76,73.5
2023-02-14,Oficina,Carpetas,Oeste,99.16,44.37
2023-03-29,Oficina,Papel,Este,100.14,34.37
2023-08-27,Oficina,Carpetas,Norte,166.25,78.05
2023-08-10,Muebles,Sofá,Oeste,287.12,99.43
2023-09-30,Muebles,Escritorio,Norte,310.63,80.09
2023-03-12,Muebles,Escritorio,Este,809.84,194.59
2023-02-21,Oficina,Papel,Oeste,293.27,132.52
2023-10-23,Oficina,Engrapadora,Este,131.56,47.35
2023-12-16,Muebles,Estantería,Oeste,661.92,199.3
2023-02-05,Tecnología,Teléfono,Sur,1847.36,420.61
2023-06-15,Oficina,Engrapadora,Este,117.84,37.68
2023-01-31,Oficina,Carpetas,Oeste,204.3,67.66
2023-07-11,Muebles,Escritorio,Oeste,594.71,146.75
2023-04-22,Muebles,Estantería,Norte,774.27,269.16
2023-11-09,Oficina,Bolígrafos,Norte,154.65,60.57
2023-03-30,Muebles,Estantería,Oeste,1210.16,398.54
2023-09-28,Oficina,Carpetas,Este,260.03,129.46
2023-02-09,Muebles,Estantería,Norte,836.21,260.27
2023-11-28,Muebles,Estantería,Oeste,669.82,220.35
2023-01-18,Oficina,Carpetas,Oeste,154.04,62.04
2023-12-31,Tecnología,Laptop,Norte,1265.22,282.93
2023-07-07,Muebles,Escritorio,Este,723.61,250.03
2023-03-13,Tecnología,Laptop,Oeste,919.12,149.97
2023-04-30,Tecnología,Teléfono,Este,828.06,139.35
2023-08-14,Muebles,Sofá,Norte,949.6,269.51
2023-11-14,Tecnología,Teléfono,Sur,879.2,214.43
2023-09-13,Oficina,Engrapadora,Norte,232.37,96.35
2023-11-21,Muebles,Sofá,Norte,232.81,55.38
2023-08-01,Muebles,Sofá,Este,965.61,302.0
2023-02-14,Oficina,Bolígrafos,Sur,63.38,23.79
2023-12-03,Muebles,Sofá,Norte,920.64,211.68
2023-02-27,Muebles,Estantería,Norte,1428.07,416.27
2023-11-11,Muebles,Estantería,Este,966.93,194.32
2023-06-05,Tecnología,Laptop,Oeste,1422.88,321.63
2023-10-13,Oficina,Papel,Oeste,143.95,63.57
2023-12-04,Tecnología,Tablet,Norte,1644.34,254.12
2023-12-03,Oficina,Engrapadora,Este,277.65,111.61
2023-02-22,Oficina,Engrapadora,Oeste,119.62,56.29
2023-05-17,Muebles,Estantería,Norte,1234.81,386.57
2023-07-27,Tecnología,Monitor,Este,1198.52,272.47
2023-03-13,Oficina,Bolígrafos,Oeste,144.94,66.71
2023-07-09,Oficina,Carpetas,Este,81.37,36.99
2023-08-09,Tecnología,Laptop,Oeste,1893.72,357.41
2023-04-12,Tecnología,Laptop,Oeste,1146.67,182.04
2023-08-15,Oficina,Carpetas,Oeste,57.53,28.32
2023-03-04,Oficina,Carpetas,Oeste,199.32,85.84
2023-07-03,Muebles,Sofá,Sur,1005.5,291.54
2023-09-01,Muebles,Escritorio,Norte,566.1,195.02
2023-11-04,Muebles,Sofá,Norte,1118.12,328.06
2023-03-24,Muebles,Sofá,Este,384.93,95.07
2023-10-11,Tecnología,Teléfono,Sur,1987.54,405.66
2023-07-27,Muebles,Sofá,Sur,280.35,59.95
2023-07-03,Oficina,Engrapadora,Este,292.02,113.7
2023-10-17,Oficina,Bolígrafos,Oeste,167.74,72.53
2023-10-09,Muebles,Estantería,Este,582.55,126.54
2023-10-10,Tecnología,Tablet,Este,818.67,177.12
2023-10-09,Oficina,Bolígrafos,Este,271.15,129.91
2023-05-12,Oficina,Engrapadora,Este,76.76,29.79
2023-03-07,Muebles,Estantería,Sur,984.94,324.51
2023-04-26,Muebles,Silla,Sur,831.56,180.9
2023-09-10,Oficina,Bolígrafos,Sur,84.27,37.65
2023-01-25,Tecnología,Monitor,Norte,1085.18,201.32
2023-12-29,Oficina,Carpetas,Oeste,195.35,62.74
2023-08-15,Muebles,Sofá,Este,1109.6,290.3
2023-05-18,Tecnología,Monitor,Norte,624.1,109.46
2023-07-11,Tecnología,Teléfono,Norte,613.49,114.2
2023-08-25,Muebles,Silla,Norte,287.4,83.13
2023-12-26,Oficina,Bolígrafos,Este,183.07,58.7
2023-03-31,Tecnología,Tablet,Oeste,944.54,230.31
2023-08-08,Muebles,Escritorio,Norte,241.31,76.57
2023-07-03,Oficina,Bolígrafos,Este,78.93,24.11
2023-10-05,Tecnología,Tablet,Norte,879.29,182.68
2023-07-01,Muebles,Silla,Este,1266.91,344.09
2023-07-27,Muebles,Estantería,Norte,626.63,144.98
2023-05-25,Muebles,Silla,Oeste,826.77,269.64
2023-01-14,Oficina,Engrapadora,Norte,194.12,87.81
2023-09-26,Tecnología,Tablet,Norte,806.37,122.31
2023-07-16,Muebles,Escritorio,Norte,746.99,216.82
2023-10-30,Tecnología,Teléfono,Oeste,874.66,188.42
2023-08-30,Muebles,Sofá,Norte,1406.53,459.56
2023-02-13,Oficina,Carpetas,Este,243.39,75.16
2023-12-03,Oficina,Carpetas,Oeste,187.67,71.43
2023-02-13,Tecnología,Laptop,Norte,1848.89,455.25
2023-12-21,Tecnología,Teléfono,Sur,1306.67,232.34
2023-08-27,Muebles,Sofá,Oeste,403.86,130.89
2023-07-09,Tecnología,Teléfono,Oeste,1277.41,282.32
2023-09-16,Muebles,Sofá,Oeste,1459.28,349.28
2023-02-14,Muebles,Sofá,Este,1414.6,477.37
2023-05-05,Tecnología,Monitor,Este,637.06,115.62
2023-07-16,Tecnología,Laptop,Este,1597.24,371.27
2023-06-22,Oficina,Papel,Sur,185.07,86.79
2023-04-18,Tecnología,Tablet,Sur,876.75,205.53
2023-04-06,Tecnología,Laptop,Sur,1359.56,248.15
2023-11-19,Muebles,Estantería,Este,1471.86,507.59
2023-12-03,Tecnología,Tablet,Norte,1785.79,414.38
2023-10-18,Muebles,Silla,Oeste,696.93,204.13
2023-09-08,Muebles,Estantería,Norte,984.59,294.32
2023-08-13,Muebles,Silla,Este,1420.09,322.61
2023-03-24,Tecnología,Tablet,Norte,960.82,196.63
2023-01-30,Tecnología,Monitor,Sur,756.4,145.09
2023-01-25,Muebles,Escritorio,Sur,309.37,80.12
2023-05-07,Tecnología,Laptop,Sur,739.44,135.73
2023-09-23,Oficina,Carpetas,Este,257.54,126.1
2023-07-28,Muebles,Sofá,Sur,1404.4,369.28
2023-02-23,Oficina,Carpetas,Oeste,193.49,73.25
2023-07-06,Muebles,Sofá,Sur,1216.1,300.44
2023-08-27,Muebles,Sofá,Oeste,716.99,248.13
2023-05-10,Muebles,Estantería,Este,1122.27,270.16
2023-09-20,Oficina,Carpetas,Este,187.47,58.14
2023-01-12,Tecnología,Teléfono,Este,1708.47,294.6
2023-10-19,Tecnología,Monitor,Norte,634.87,107.5
2023-04-28,Tecnología,Tablet,Oeste,930.99,165.69
2023-09-27,Muebles,Estantería,Norte,1331.82,418.01
2023-10-12,Oficina,Carpetas,Oeste,223.45,91.74
2023-04-16,Tecnología,Monitor,Norte,1640.24,271.28
2023-05-28,Tecnología,Teléfono,Este,1041.61,198.79
2023-09-29,Muebles,Silla,Sur,245.07,63.42
2023-02-03,Tecnología,Tablet,Sur,1964.05,362.33
2023-06-29,Oficina,Engrapadora,Norte,107.5,41.09
2023-03-11,Oficina,Carpetas,Norte,85.28,34.89
2023-02-19,Muebles,Silla,Oeste,1053.3,295.21
2023-10-05,Muebles,Sofá,Norte,1486.68,304.03
2023-05-17,Muebles,Estantería,Este,352.46,79.43
2023-06-08,Oficina,Papel,Norte,266.53,95.39
2023-06-30,Muebles,Estantería,Oeste,780.37,228.51
2023-09-30,Muebles,Estantería,Norte,758.51,183.44
2023-12-07,Oficina,Bolígrafos,Este,254.6,78.42
2023-08-13,Oficina,Engrapadora,Oeste,123.52,42.25
2023-04-16,Oficina,Bolígrafos,Sur,266.39,85.4
2023-10-23,Muebles,Estantería,Este,1300.95,323.48
2023-10-10,Tecnología,Teléfono,Sur,1648.74,248.2
2023-07-01,Muebles,Sofá,Sur,386.41,78.35
2023-09-23,Muebles,Sofá,Norte,1012.93,316.1
2023-02-11,Oficina,Papel,Sur,82.74,34.85
2023-08-30,Oficina,Carpetas,Norte,299.23,100.75
2023-03-30,Muebles,Sofá,Oeste,364.3,74.38
2023-01-10,Tecnología,Teléfono,Oeste,541.78,115.47
2023-11-17,Oficina,Engrapadora,Oeste,93.66,33.64
2023-06-08,Tecnología,Teléfono,Sur,575.63,137.6
2023-06-05,Tecnología,Tablet,Oeste,1044.13,213.7
2023-12-23,Muebles,Sofá,Sur,1240.27,408.61
2023-05-30,Muebles,Sofá,Norte,581.36,162.09
2023-12-02,Tecnología,Monitor,Oeste,1688.29,367.43
2023-06-13,Muebles,Escritorio,Este,529.73,166.04
2023-07-06,Tecnología,Monitor,Norte,1450.57,303.67
2023-07-25,Muebles,Sofá,Oeste,1373.52,447.2
2023-11-13,Oficina,Bolígrafos,Oeste,253.36,122.84
2023-11-06,Oficina,Engrapadora,Sur,129.57,62.04
2023-12-09,Oficina,Bolígrafos,Este,272.8,82.58
2023-12-21,Tecnología,Monitor,Este,722.33,115.0
2023-10-15,Tecnología,Tablet,Oeste,1348.62,271.67
2023-11-22,Oficina,Papel,Este,144.99,61.1
2023-08-07,Tecnología,Monitor,Este,1220.07,199.85
2023-04-06,Oficina,Carpetas,Este,294.2,112.07
2023-02-23,Muebles,Sofá,Este,1358.71,366.27
2023-02-27,Tecnología,Tablet,Norte,1104.06,239.86
2023-11-22,Tecnología,Monitor,Este,1047.01,234.37
2023-07-16,Oficina,Engrapadora,Oeste,193.16,67.87
2023-06-16,Oficina,Bolígrafos,Este,232.56,98.57
2023-05-21,Tecnología,Monitor,Norte,926.81,180.08
2023-12-31,Muebles,Estantería,Este,493.84,139.59
2023-12-12,Oficina,Bolígrafos,Este,196.39,80.18
2023-01-20,Oficina,Engrapadora,Este,293.87,116.03
2023-09-24,Muebles,Escritorio,Este,1412.31,393.3
2023-10-02,Muebles,Escritorio,Oeste,600.1,175.26
2023-03-06,Oficina,Engrapadora,Oeste,195.78,87.33
2023-09-20,Oficina,Carpetas,Norte,299.14,131.65
2023-12-24,Muebles,Sofá,Este,1424.05,397.96
2023-11-05,Tecnología,Laptop,Norte,1749.81,315.49
2023-04-26,Muebles,Sofá,Este,1409.84,424.95
2023-05-02,Oficina,Engrapadora,Sur,187.62,85.93
2023-01-28,Oficina,Carpetas,Norte,144.46,45.13
2023-12-19,Muebles,Escritorio,Este,1055.53,369.08
2023-07-27,Muebles,Escritorio,Oeste,720.92,156.63
2023-08-05,Oficina,Bolígrafos,Sur,203.49,86.14
2023-09-03,Muebles,Escritorio,Oeste,1257.84,429.02
2023-10-05,Tecnología,Teléfono,Norte,727.15,143.79
2023-11-02,Muebles,Estantería,Oeste,586.57,131.61
2023-07-07,Muebles,Sofá,Norte,1005.96,306.55
2023-09-17,Tecnología,Tablet,Sur,1045.47,167.13
2023-01-08,Tecnología,Monitor,Este,943.2,191.47
2023-10-26,Oficina,Engrapadora,Sur,87.09,29.12
2023-01-16,Oficina,Carpetas,Este,158.19,66.3
2023-01-17,Oficina,Engrapadora,Sur,238.78,99.65
2023-05-12,Muebles,Escritorio,Sur,819.89,241.47
2023-08-10,Muebles,Escritorio,Norte,453.76,136.93
2023-12-12,Oficina,Bolígrafos,Norte,148.53,62.48
2023-06-01,Muebles,Estantería,Norte,749.45,261.82
2023-01-30,Tecnología,Teléfono,Norte,723.71,165.43
2023-12-16,Oficina,Carpetas,Norte,268.47,81.23
2023-01-29,Tecnología,Tablet,Sur,1027.31,216.8
2023-06-21,Muebles,Escritorio,Este,446.07,119.95
2023-07-05,Tecnología,Monitor,Este,795.33,154.39
2023-07-29,Tecnología,Teléfono,Norte,602.16,103.46
2023-05-14,Muebles,Silla,Este,978.13,256.39
2023-05-24,Oficina,Bolígrafos,Este,201.27,69.26
2023-04-29,Tecnología,Laptop,Sur,777.26,121.22
2023-08-03,Tecnología,Teléfono,Norte,1285.1,221.91
2023-10-22,Muebles,Estantería,Este,774.38,173.85
2023-12-05,Muebles,Sofá,Norte,702.72,145.94
